post_num,shortcode,links,img_url,timestamp,num_comments,num_likes,caption
63,Bm8qcoQg5Rv,https://www.instagram.com/p/Bm8qcoQg5Rv/?taken-by=seyed.ali.azimi,https://scontent-frt3-2.cdninstagram.com/vp/4079fe1083b81a5546d0e573cfb7cfe8/5BFE0609/t51.2885-15/e35/39613375_300383924071339_4423993989087100928_n.jpg,1535299158,3,37,. . . ููุง ุบููุชูููู ูุง ุจ ุฑูุง ุงู ุฌูฺฏูุง ุณุฑุฏููููููููู ุฒูุฏฺฏูููู ฺฉูู ุจุจู ููุง ฺฉุดุชูู ููุง ุจ ูุจุฑุฏููููููููู . . ฺฏุงูู ุจุงูุฏ ุฏุฑุฏููู ุจฺฏูุฑู ูู ุจู ุฎูุฏููู ุชูููู ุจุฏูู. ูุง ุฑููุฒู ูุงู ุงุฎูุงู ุงูู ุจุฑูู ุงุฒ ุชุงุฑูุฎููุ ููุชู ุขููุฏฺฏุงู ุจุง ุงูุฒุฌุงุฑ ุงุฒููู ูุงุฏ ูู ููู. ููู ุงูฺฏุดุช ุงุชูุงู ุฑู ุจู ุณูู ุฏูฺฏุฑู ุฏุฑุงุฒ ูุฑุฏูู ู ุฎูุฏููู ุฑู ูุจุฑุง ุงุฒ ุฎุทุง ู ุงุดุชุจุงู ุฏููุณุชููุ ุบุงูู ุงุฒ ุงูููู ุชู ูุฌูุฏ ุชู ุชูููู ูู ุฑุงูุช ุฎูุงุฑุ ูู ุจู ุฑุญู ู ุจู ุชูุฌู ุจู ุงูุถุงุน ุจููู ูุฑุฏู ู ูู ุฏููุชุงุชูุฑ ุฎูุงุจูุฏู ู ุงูุงู ุงุฒ ุฑูุฒู ูู ุจู ูุฏุฑุช ุจุฑุณููุ ููฺ ูุฑูู ุจุง ุญุงููุงูููู ูุฏุงุฑูู. ุงฺฏู ูุจูุง ููุดุฏ ุงูู ุฑู ูุชูุงู ูุฑุฏุ ุชุฌุฑุจู ุงูู ููุช ูุงูู ุฏูู ุฏุฑูู ุฎููู ูุงููู ุฑู ุขุดูุงุฑ ูุฑุฏ. ุฏุฑุฏููู ุจฺฏูุฑูุ ุงุฒ ูุฑุฏูู ูู ุงฺฏู ููู ุฏููุง ู ุญุงููุงู ูุดูุฑ ุจูุดูู ุฑุญู ููููุ ุฎูุฏุดูู ูู ุจูู ุฑุญู ููู ููู! . . . #ุนู_ุฒูุฏูฺฉู#ุญุณู_ุบุงุซ#ุชูุฎู_ุงูุง_ุจุง_ูู_ูุจูุฏูู#ูุง_ุขุฏูุง_ุดูุฑ_ุญุณูุฏู#ุฎุณุชู_ุงุฒ_ฺฉุงุจูุณ_ุฑูุชู#ุฏูุฑ_ุงุฒ_ุงูู_ุฑูุฒุง_ุฑูุดู#ูุง_ูุงูุนุง_ุจุง_ูู_ฺู_ฺฉุฑุฏู#ุณูู_ฺฉุจูุฏ#ุฑููุฒู_ูุง_ุงุฎูุงู _____________________ caption:@elham_mjrb
62,BmC3oUCAyJs,https://www.instagram.com/p/BmC3oUCAyJs/?taken-by=seyed.ali.azimi,https://scontent-frt3-2.cdninstagram.com/vp/848af201a9dbf11ac546006f2ccea888/5CA364FE/t51.2885-15/e35/37704532_1524706184300788_1169014343338033152_n.jpg,1533359628,6,209,. . . ุฎููุช ุฏุงุฑู ู ุญุงู ุจุง ุฎุงูู ุฎูุดุชู . . . . . . #ุญุงุท_ุช #ุชุงุจุณุชูู #ุดูุฑุงุฑ #ูุฑุฏุงุฏ #ุณุจุฒ
61,Bk73ItlgLUD,https://www.instagram.com/p/Bk73ItlgLUD/?taken-by=seyed.ali.azimi,https://scontent-frt3-2.cdninstagram.com/vp/279a4222b2d6a42a131c33ebd8ae46cd/5C906B9C/t51.2885-15/e35/36147970_625841414437851_4685105426335793152_n.jpg,1530977005,3,146,. . . .  ุฏุงููุฏู ุชูุ ูุฑุขูฺู ุฏุงูุ ุขู ุฏูู ... . . .
60,Bj7UuS8AsX3,https://www.instagram.com/p/Bj7UuS8AsX3/?taken-by=seyed.ali.azimi,https://scontent-frt3-2.cdninstagram.com/vp/df19d2cbda0b134e77da7957580b5824/5C905504/t51.2885-15/e35/33559735_195873064300484_4277341519016361984_n.jpg,1528811479,6,130,. . โ. . ุตุจุญ ูุง ุณุงุนุช ฺฉ ุฑุจุน ุจู ูุดุช ฺฉู ุจู ูุฏุฑุณู ู ุฑุณุฏู ฺฏุฑูู ฺฉู ุฏุฑ ุญุงุท ุฏุฑุณ ู ุฎูุงูุฏูุฏ ูุงููุฏ ุงุดุจุงุญ ุณุฑฺฏุฑุฏุงู ุงุฒ ุงู ุณู ุจู ุขู ุณู ู ุฑูุชูุฏ ู ฺฏุงู ุจู ูู ุจุฑ ู ุฎูุฑุฏูุฏ ู ุดุงฺฉ ู ุดุฏูุฏ ฺฉู ฺุฑุง ุฏุฑ ุฎุท ูู ุฑุงู ู ุฑู. ุงูุง ูพุงุชูู ูู ูุงููุฏ ุงฺฉุซุฑุช ฺฏูุดู ูุง ุญุงุท ู ฺฉูุงุฑ ุฏูุงุฑ ุจูุฏ .ุฌุง ุขุฏู ูุง ุจูุฏ ฺฉู ู ุฎูุงุณุชูุฏ ฺฉ ุฎุท ุฏุฑุณ ุจุฎูุงููุฏ ู ฺฉ ุฎุท ุฎุงุทุฑู ุชุนุฑู ฺฉููุฏ. ููุงุฒ ุฎุงูู ูู ุฌุง ุขุฏู ูุง ุจูุฏ ฺฉู ุฌูุฑุงุจ ุขุจุฑูููุฏ ุจู ูพุง ุฏุงุดุชูุฏ! ฺฏุฐุฑ ุงุฒ ฺฏุงุฑุฏ ุจุงุฒุฑุณ ุฌุงูุฏุงุฏ ููุดู ุจุฑุง ูู ูุดฺฉู ุจูุฏ ุ ฺูู ุฌุจ ูุงู ุจู ูุทู ูุงุฏุฑ ูพุฑ ุงุฒ ฺฉุดูุด ู ุชุฎูู ู ฺูุฏ ุจุฑฺฏ ฺฏู ูุญูุฏ ุจูุฏ ู ุชุง ุฌุงูุฏุงุฏ ุฑุง ุงุฒ ุจูุงู ุฌุจ ูุงู ุฎุงุฑุฌ ู ฺฉุฑุฏู ุทูู ู ฺฉุดุฏ. ูุฑุงูุจ ุฎูุฏ ุฏุงุณุชุงู ุจูุฏ ู ูุดุฎุต ุงุณุช ููู ฺู ุฌูุฑ ูุฑุงูุจ ุฏูุณุช ุฏุงุฑูุฏ! ุงูุง ูู ุจู ูุทู ุงูู ู ุณุฑู ูุงููู ุฏุฑ ุงู ุจุงุจุช ุงุฒ ูุฑ ุฏู ุฌูุงู ุขุฒุงุฏู ฺูู ุชููุจ ฺฉุฑุฏู ุฏุฑ ูุฒ ุงูู ุฎุตูุตุง ุจุฑุง ุขุฏู ุขูุงุชูุฑ ูุซู ูู ฺฉู ุจู ูุทู ููู ูุฒ ุงูู ูฺ ููุช ุชููุจ ฺฉุฑุฏู ุฑุง ุงุฏูฺฏุฑูุช ุ ุบุฑููฺฉู ุจูุฏ! ุงู ููุฑู ูุฒ ุงูู ุงุณุช ฺฉู ูุนูู ููุช ุจู ุขู ู ุฑุณุฏ ุ ุงูฺฏุดุช ูุงุด ุฑุง ุฑู ุฒููู ูุฒ ุจุฑ ุงูุฏุงุฒ ฺฉูุฏ ุ ุถุฑุจ ุจฺฏุฑุฏ ุจู ุฏูุงุฑ ุชฺฉู ุฒูุฏ ู ุฒุฑ ูุจ ุฒูุฒูู ฺฉูุฏ. ุญุช ฺฉ ุจุงุฑ ฺฉู ฺฉ ุตูุฏู ุชฺฉ ุฌูู ูุฒู ฺฏุฐุงุดุชู ุ ูุฑุงูุจ ุจู ุฒูุฑ ุฎูุฏ ุฑุง ุจู ูุงุตูู  ุงูุฏฺฉ ุฏูุงุฑ ูุตูุฏู ุฌุง ฺฉุฑุฏ!! ุจุฑุนฺฉุณ ูพุดุช ฺฉูุงุณ ฺฉู ุณุณุชู ูุง ุชููุจ ุฎู ูู ุจูุฏ ู ุจฺู ูุง ูุจุงุญุซ ุฑุง ุชูุณู ฺฉุฑุฏู ุจูุฏูุฏ ู ูุฑ ฺฉุณ ูุณูุช ุฑุง ูพูุดุด ู ุฏุงุฏ ู ูฺ ุฏุณุช ูุง ุชุง ุขุฑูุฌ ู ุณุงู ูพุงูุง ุชุง ุฒุงูู ู ูพุดุช ู ุฑู ุดููุงุฑูุง ู ูููู  ุฎูุฏฺฉุงุฑูุง ููุดุชู ุดุฏู ุจูุฏ. ุญุฏูุฏ ฺฉ ุฑุจุน ุจุนุฏ ุงุฒ ุงูุชุญุงู ฺฉู ุฐูู ูุง ุจุง ุงูุฌุงู ููุฑู ูุง ุฎูู ุขุฑุงู ุดุฏู ุจูุฏ ุญุงุท ูุฏุฑุณู ุจู ุจูุชุฑู ูพุงุฑฺฉ ุฏูุง ุชุจุฏู ู ุดุฏ . ุขูุชุงุจ ุฎุฏุง ู ุชุงุจุฏ ู ุฏุฑ ูุฑ ฺฏูุดู ุจุงุฒ ู ฺฉุฑุฏูุฏ. ููุชุจุงูุ ูพุฑุชุงุจ ุณูฺฏ ุจู ุงูุฏุงู ุซุงุจุช ุง ูพุฑูุงุฒ ู... ู ุงูุชุธุงุฑ ุจุฑุง ุฏูุณุช ฺฉู ุงุญุชูุงูุง ุจุนุฏ ุงุฒ ูุตูู ุงูุฏุงุฏูุง ุบุจ ุจุฑฺฏู ุฑุง ุชุญูู ุฏุงุฏู ู ุจู ุขููุง ุงุถุงูู ุดูุฏ. ุงูุชุญุงูุงุช ุฎุฑุฏุงุฏ ูุชูุงูุช ุงูุฏ ุ ุฎูุฑุดุฏ ุฎุฏุง ู ุชุงุจุฏ ู ุตุจุญ ูุงุด ุจู ูพฺฉ ูฺฉ ุดุจุงูุช ุฏุงุฏ! ุงูุชุญุงูุงุช ุชูุงู ุดุฏ ู ูู ุฏุฑ ุชฺฉ ุชฺฉ ุงุนุถุง ูุชุฃููู ู ุงุฒ ููู ุจุดุชุฑ ุฏุฑ ููุจู ุงูฺฏุงุฑ ูููุฒ ุชูุงู ูุดุฏู. ุฏูู ุจุฑุง ููุงฺฉุช ู ุฎูุฏู ูุง ุตุจุญ ุงูุชุญุงู ุชูฺฏ ุดุฏู ุงุณุช. ุจุฑุง ูุนูู ูุง. ุจุฑุง ุฎุงุจุงู ฺฏุฒ ฺฉุฑุฏู ูุง ุจุนุฏ ุงุฒ ุงูุชุญุงู. ุจุฑุง ุงุณุชุฑุณ ุชูุงู ุดุฏู ุฑูฺฏ ุฎูุฏฺฉุงุฑ ุณุฑ ุฌูุณู ู ุจุฑุง ฺฏุฐุงุดุชู ุจุฑฺฏ ฺฏู ูุญูุฏ ุฒุฑ ุฒุจุงู ุจู ุจูุงูู  ุขุฑุงูุด... . . โ. .  #ุงูุชุญุงู_ุฎุฑุฏุงุฏ#ูุฏุฑุณู#ูู_ฺฉูุงุณ#ูุนูู#ุชุงุจุณุชูู#ฺฉุงุฑูุงูู#ุณููพุงุฏุง
59,BjHPyJBgqsk,https://www.instagram.com/p/BjHPyJBgqsk/?taken-by=seyed.ali.azimi,https://scontent-frt3-2.cdninstagram.com/vp/5601e2da85b2310b7043cd0e2f716fe3/5C9057B9/t51.2885-15/e35/32368388_420286975106555_519941843136282624_n.jpg,1527064058,1,176,. . . . . . ูู ุจุงูุงุฑู ุชู ุฒูู  ูู ุฒููู ุชู ุฏุฑุฎุช  ูู ุฏุฑุฎุชู ุชู ุจุงูุงุฑ ุ ูุงุฒ ุงูฺฏุดุชุง ุจุงุฑูู ุชู ุจุงุบู ู ฺฉูู . . . #ุงุญูุฏ_ุดุงููู
58,BiZOPG9g5Qo,https://www.instagram.com/p/BiZOPG9g5Qo/?taken-by=seyed.ali.azimi,https://scontent-frt3-2.cdninstagram.com/vp/157659be9b15d8c8c10c5affdde836e1/5BFE32B1/t51.2885-15/e35/30948616_242009013022330_4988432174446280704_n.jpg,1525519956,2,83,. . . . ุจุงุฑุงู ุนุดู ุจูุฏ ุขูุฏ___ . .  #ูุงุตุฑ_ฺุดู_ุขุฐุฑ #ููุณุชุงูฺ #ุจุงุฑุงู_ุนุดู #ุฎูุงูุฑุงู_ุบุฑูุจ  #ูุตู_ูุง_ูุฌุฏ #ูุงููู #ุชู_ุจุฑูุต #ุดุจูุง_ุชูุฑุงู #ุทููุน_ุนุดู #ุดฺฉููู_ูุง_ุงุฑุงู
57,BiRNLWoAS-g,https://www.instagram.com/p/BiRNLWoAS-g/?taken-by=seyed.ali.azimi,https://scontent-frt3-2.cdninstagram.com/vp/04e33664f639971c32dd19ba3747882a/5C96828A/t51.2885-15/e35/30894207_196320907653697_3296551862567698432_n.jpg,1525250753,0,193,. . . .  ุฎูุดุง ุฏุฑุฏ! ฺฉู ุฏุฑูุงูุด ุชู ุจุงุด  ุฎูุดุง ุฑุงู! ฺฉู ูพุงุงูุด ุชู ุจุงุด  ุฎูุดุง ฺุดู! ฺฉู ุฑุฎุณุงุฑ ุชู ุจูุฏ  ุฎูุดุง ููฺฉ! ฺฉู ุณูุทุงูุด ุชู ุจุงุด  #ุนุฑุงู
56,BhqebOhA-FG,https://www.instagram.com/p/BhqebOhA-FG/?taken-by=seyed.ali.azimi,https://scontent-frt3-2.cdninstagram.com/vp/d54f01e9bac60ff4d0d5e30886b0a332/5C98C132/t51.2885-15/e35/30841555_1692318784183506_7014918407510294528_n.jpg,1523951173,4,164,. . . . #ุญ ุงู ุงุณุช ฺฉู ุนุงูู ุฑุง ุจู ูุธุฑ ุฎูุด ุฒูุฏู ูโฺฏุฑุฏุงูุฏุ  ู ุขูฺฉู ุจุฏู ู ุจู ูุธุฑ ุงู ุฒูุฏู ูุจุงุดุฏุ ูุฑุฏูโุง ุงุณุช ุ  ุงฺฏุฑฺู ุณุฎู ฺฏูุฏ ู ุจุฌูุจุฏ!  #ุญุณู_ุจู_ููุตูุฑ_ุงูุญูุงุฌ #ุงฺฉุณฺู
55,Bhb3ZRMAN6t,https://www.instagram.com/p/Bhb3ZRMAN6t/?taken-by=seyed.ali.azimi,https://scontent-frt3-2.cdninstagram.com/vp/d8bde8ddd6d9218baf0471fd17a74ea5/5CA4EBC5/t51.2885-15/e35/29737107_1609502995835735_8335691198299635712_n.jpg,1523460948,0,280,. . . . ุงฺฉุซุฑ ุฑูุฌ ูุง ูุง ูุงุด ุงุฒ ุงู ุงุณุช ฺฉู ุจุง ุฎูุงุณุชู ูุง ู ุชูุงูุงุช ุจุฑุงูฺฏุฎุชู ูุดูู ู ุจุนุฏ ุ ููุช ุฎูุงุณุชู ุจุฑุขูุฑุฏู ู ุดูุฏ ุงุฒ ูุญุธู ุงุฑุถุง ุขู ูุฐุช ู ุจุฑู. ูุญุธู ุง ฺฉู ุฎู ุฒูุฏ ุชุจุฏู ุจู ุฏูุฒุฏฺฏ ู ฺฉุณุงูุช ูุดูุฏ ู ุณูพุณ ุงู ุฏูุฒุฏฺฏ ุจุง ุจุฑูุฒ ู ุณุฑ ุจุฑุขูุฑุฏู ุฎูุงุณุชู ุง ุฏฺฏุฑ ูุชููู ู ุดูุฏ. ุงู ฺุฑุฎู ุฎูุงุณุชู ูุฏุงูู ุ ุงุฑุถุง ูุญุธู ุง ุ ุฏูุฒุฏฺฏ ู ุฎูุงุณุชู ุจุนุฏ ุจูุงุฑ ุจุดุฑ ุฏุฑ ุงู ุฌูุงู ุงุณุช.  #ุงุฑูู_ุงููู #ุฌูุช_ุดุด
54,BggIlc_H3YZ,https://www.instagram.com/p/BggIlc_H3YZ/?taken-by=seyed.ali.azimi,https://scontent-frt3-2.cdninstagram.com/vp/1d909aa65bec17448cdca227bf607b39/5C740FC8/t51.2885-15/e35/28766225_797829860412225_8644037753861832704_n.jpg,1521456694,4,135,. . . .  ูพุด ุข ุจูุงุฑ ุฎูุจ ุชู ุงุตู ูุตู ูุง . . . . . .  #ูููุงูุง#ุดุงุฎู
53,BfK7CyOnavv,https://www.instagram.com/p/BfK7CyOnavv/?taken-by=seyed.ali.azimi,https://scontent-frt3-2.cdninstagram.com/vp/c236e6787378b5dbeab67c7292b3d3f7/5CAE85ED/t51.2885-15/e35/27580527_867826226711372_8850217006071283712_n.jpg,1518597468,1,139,. . . . ุชู ุฏุฑุฎุชูููู ุฎูุจููููู ููุธุฑ  ููููู ููููโ ุง ููููููฺฉู ฺู ฺฉูู ุจู ุฏุณุชููููู ฺฉูุชูู ฺฉู ููโุฑุณูุฏ ุจู ุณุจุชููููู . . . #ุณุนุฏ
52,BeKhYcfH9B1,https://www.instagram.com/p/BeKhYcfH9B1/?taken-by=seyed.ali.azimi,https://scontent-frt3-2.cdninstagram.com/vp/2d504f5ba8bebfcb305dc3487b2e0633/5CAAD691/t51.2885-15/e35/26871056_187651245160349_3979260901659246592_n.jpg,1516436530,2,129,. . . . . ูู ฺู ุณุจุฒู ุงูุฑูุฒ . . . #ุดุงุฎู #ุณูุฑุงุจ
51,BdbwitonWoM,https://www.instagram.com/p/BdbwitonWoM/?taken-by=seyed.ali.azimi,https://scontent-frt3-2.cdninstagram.com/vp/fcf63a0e2aae68a8889bb6ffbf8a58c1/5C99FFC6/t51.2885-15/e35/26305918_1278857618924522_38720216800165888_n.jpg,1514867420,3,190,. . . . ุนุงูุจุช ุขู ุณุฑู  ุณุจุฒุข ุณุจุฒ ุฎูุงูุฏ ฺฏุดุช ู  ุจุงูุงุจุงู  ุนุงูุจุช ุขู ุตุจุญ ุฎูุงูุฏ ุฑูุณุช  ูุฒ ูุงู ุจุงูุฑ ูุฑุชูุช ูุง  ุงููุง  ุงุฒ ูุงู ุฏูุชุฑ ููุงุด ุงุทูุงู . . . .  #ุดูุน_ฺฉุฏฺฉู #ุทููุน #ุงุฑุงู
50,Bc2IAOWnFTm,https://www.instagram.com/p/Bc2IAOWnFTm/?taken-by=seyed.ali.azimi,https://scontent-frt3-2.cdninstagram.com/vp/225988bc1665facd6280348b7b1b2d1a/5C901674/t51.2885-15/e35/25012650_133051830814315_5562088961645477888_n.jpg,1513604652,0,137,. . . . ุฏุฑ ุฌู ุฒูุงู ุ ุฏุฑ ุฎูุงุจ ุชูุงุดุง ุชู ู ุฑูู. ุณูุง ุฑูุงู ุ ุจุง ุดุจูู ุงูุดุงู ุชู ู ุดูู. ูพุฑูุงู ุ ูพุฑูพุฑ ุดุฏู ุงู. ฺุดู ููุฏู ุ ุจู ูฺฏุงู ุชุฑ ุดุฏู ุงู. ุงู ุณู ูู ุ ุขู ุณูู. ู ุฏุฑ ุขู ุณู ูฺฏุงู ุ ฺุฒ ุฑุง ู ุจููุ ฺุฒ ุฑุง ู ุฌูู. ุณูฺฏ ูู ุดฺฉููุ ุฑุงุฒ ุจุง ููุด ุชู ู ฺฏูู. ุจุฑฺฏ ุงูุชุงุฏ ุ ููุดู ุจุงุฏ ูู ุฒูุฏู ุจู ุงูุฏููู. ุงุจุฑ ุฑูุชุ ูู ฺฉููู: ู ูพุงู. ูู ุจุงุฏู: ู ูพูู. ุฏุฑ ุฏุดุช ุฏฺฏุฑ ุ ฺฏู ุงูุณูุณ ฺู ุจุฑูุฏุ ู ุขูุ ู ุจูู . . #ุณูุฑุงุจ_ุณูพูุฑู
49,Bb3wFoVn-lk,https://www.instagram.com/p/Bb3wFoVn-lk/?taken-by=seyed.ali.azimi,https://scontent-frt3-2.cdninstagram.com/vp/b2bc734911eee8e8f537afebb8169f3b/5C8D88DE/t51.2885-15/e35/23824820_372697806506305_3449238937782976512_n.jpg,1511511739,2,125,. . . .  ุจู ูู ุนูุงุฑุชู ุฏู ฺฉู ฺฉู ุงู ุฌูุงู ู ุฎุฑุงุจ ุจุฑ ุขู ุณุฑ ุงุณุช ฺฉู ุงุฒ ุฎุงฺฉู ูุง ุจุณุงุฒุฏ ุฎูุดุช... . . โ. #ุญุงูุธ
48,BbJeoqlnMLL,https://www.instagram.com/p/BbJeoqlnMLL/?taken-by=seyed.ali.azimi,https://scontent-frt3-2.cdninstagram.com/vp/c85b79f4e3970e13c7712b36ebcd4ab4/5C92AA53/t51.2885-15/e35/23164659_275185316336363_9026903138765897728_n.jpg,1509959085,1,106,. . . . ูุฑ ฺฉุณ ุฑุง  ฺุฒ ุจู ุฌุง ู ุฑุณุงูุฏ . . . #ฺฉูุงุณ_ููุชู
47,BatGawSn0Ls,https://www.instagram.com/p/BatGawSn0Ls/?taken-by=seyed.ali.azimi,https://scontent-frt3-2.cdninstagram.com/vp/b3b4b4bc21fc1e66bf15161794996fc3/5C783FE3/t51.2885-15/e35/22802792_1466050700168598_7226926866643288064_n.jpg,1509006864,2,144,. . . . . ฺฉูุดุงู  ฺฉูุดุงู  ุจู ุจูุดุชู ุจูุฑููุฏ ู ูู ูุฑูู!  ฺฉู ุฏู ูู ฺฉุดุฏ  ุง ุฏูุณุช  ุฌุฒ ุจุณู ุชูุงู...
46,Bad-strHkpI,https://www.instagram.com/p/Bad-strHkpI/?taken-by=seyed.ali.azimi,https://scontent-frt3-2.cdninstagram.com/vp/6d5799d96a63cd89b8cd411ab01f9b28/5CA70DD7/t51.2885-15/e35/22708656_1227119790726746_1006680621252083712_n.jpg,1508499500,3,162,. . . . ูุงูุช ูููุฒ ูู ูุฌุงู ู ุฏูุฏ ูุฑุง ุงู ูพุฑฺู ุดูุงุณุช ุ ุชฺฉุงู ู ุฏูุฏ ูุฑุง...
45,BaMP_lcnkUs,https://www.instagram.com/p/BaMP_lcnkUs/?taken-by=seyed.ali.azimi,https://scontent-frt3-2.cdninstagram.com/vp/711ff8a29fa038eedd7cbfd44f00c5c7/5CA4956A/t51.2885-15/e35/22426761_287754951731381_7779015414708699136_n.jpg,1507904588,0,131,. . . . . ูู ูุฑ ุฏุฑุฎุช ุชุญูู ฺฉูุฏ ุฌูุง ุฎุฒุงู ุบูุงู ููุช ุณุฑูู ฺฉู ุงู ูุฏู ุฏุงุฑุฏ  ุฒ ุณุฑ ุบุจ ฺฉุณ ุขฺฏุงู ูุณุช ูุตู ูุฎูุงู ฺฉุฏุงู ูุญุฑู ุฏู ุฑู ุฏุฑ ุงู ุญุฑู ุฏุงุฑุฏ  #ุญุงูุธ
44,BXWOw-HBAuJ,https://www.instagram.com/p/BXWOw-HBAuJ/?taken-by=seyed.ali.azimi,https://scontent-frt3-2.cdninstagram.com/vp/dfe72577c014af73d8f25fb06f555c1d/5CAE0FDF/t51.2885-15/e35/20589534_108985373107533_5984679748905730048_n.jpg,1501797037,0,148,. . . . ุฎุฑููู ุฒูุฏ ู ุฌุงู ููู  ฺฏูุฑ ฺู ูู ุฏุฑุฎููุฑูููุฏ ุงู ูููู ููุด ูโุฒูู  ุงุฒ ุฌูุชููููููู ุฑุถููุงู ุชู  ุดููุงู โูุดู ฺูุดููู ูู  ุชฺฉู ฺฏู ุฎุงู ุชูุณุชููู ุฌุง ุฏุนุงุณุชูููู ุดุงู ูู  ุจ ุชู ูุจุงุฏ ุฌูููุง ุชููู  #ุง_ุฑุถุง
43,BWhU-I4hgoE,https://www.instagram.com/p/BWhU-I4hgoE/?taken-by=seyed.ali.azimi,https://scontent-frt3-2.cdninstagram.com/vp/fc5b22979f41db0a44e65587267ca40f/5C8DC5C3/t51.2885-15/e35/20066096_710834335779029_4111599736086069248_n.jpg,1500021906,0,133,. . . .  ุจ ุชูุงุดุงฺฏู ุฑูุด  ุจู ุชูุงุดุง ูุฑูู... . . . #ุณุนุฏ
42,BVwcakzhk9a,https://www.instagram.com/p/BVwcakzhk9a/?taken-by=seyed.ali.azimi,https://scontent-frt3-2.cdninstagram.com/vp/287bc7566dddae0d8c4c7bcbf34be66f/5CB1AF92/t51.2885-15/e35/19379406_474774102855756_700968083233177600_n.jpg,1498381642,0,122,. . . . ูพุฑุชูู ููุฑู ุฑูู ุชู ูุฑ ููุณ ุจู ูุฑ ฺฉุณ  ู ุฑุณุฏ ู ูู ุฑุณุฏ ููุจุช ุงูุชุตุงู ูู  #ุณุนุฏ
41,BVXsT8CBOQr,https://www.instagram.com/p/BVXsT8CBOQr/?taken-by=seyed.ali.azimi,https://scontent-frt3-2.cdninstagram.com/vp/d74c179d737ddb116f8f53799109065b/5C975E5D/t51.2885-15/e35/19121619_1559074884112353_2840047760135159808_n.jpg,1497551115,0,118,. . . ุฏุฏู ุจฺฏุดุง ููุด ุงูุณุงู ูุงูุฏ ุจุง ุฌุงู ุชู ุณูุฎุช ูุงูู  ููุฑุฏ ูู  ุฎุดฺฉ ุดุฏ ุณุฑู ุณู ุฒ ุขฺฏู ูุงู ุฌูู ูุงูุฏ ู  ุฌูู ูุงูุฏ ุงุฒ ุขฺฏู ุฏุฏู ุจฺฏุดุง ุง ุตูู ุง ุณุงู ูุณุชุงู  ุนู . . . #ููุฉ_ุงููุฏุฑ #ุนู_ูุนูู
40,BUrO-kEF_q0,https://www.instagram.com/p/BUrO-kEF_q0/?taken-by=seyed.ali.azimi,https://scontent-frt3-2.cdninstagram.com/vp/b92317a0236ecadc6547eab7b0d7d15a/5BFE1332/t51.2885-15/e15/18646637_367632926965057_4421984708896751616_n.jpg,1496059341,0,119,ูพุงุงู . . . ูุญุธู ููุนูุฏ ูุฑุง ุฑุณุฏ. ูุชุงุณูุงูู ูุญุธู ุง ุฑุณุฏ ฺฉู ูู ูุฑฺฏุฒ ุฏูุณุช ูุฏุงุดุชู ุงุฒ ุฑุงู ุจุฑุณุฏ.  ุฏุฑ ุชููุงุ ูุงููุฏ ุฏูุงูู ูุง ฺฏุฑู ฺฉุฑุฏู. ูู ุชูุงูุฏ 25 ุณุงู ูุงููุฏ ุงู ุฑุง ูุฑุงููุด ฺฉูุฏ. ุงุฒ ููู ุชุดฺฉุฑ ู ฺฉูู. ุญุช ุงฺฏุฑ ุงู ุจุฑุงู ุฑุงุญุช ูุจุงุดุฏ.  ุฎู ุณุฎุช ุงุณุช ฺฉู ุงู ููู ุณุงู ุฑุง ุฏุฑ ฺูุฏ ุนุจุงุฑุช ุจุงู ฺฉูู. ุฏูุณุช ุฏุงุฑู ุขู ุฑุง ุฏุฑ ฺฉ ุชุฑุงูู ุง ุดุนุฑ ุจฺฏูู ุงูุง ูู ุฏุฑ ุงู ฺฉุงุฑูุง ุฎูุจ ูุณุชู. ูู ุชูุงุด ฺฉุฑุฏู ุชุง ุจุง ูพุงูุงู ุฎูุฏู ุฑุง ูุดุงู ุจุฏูู ุฒุฑุง ุงูุทูุฑ ุจุฑุงู ุฎู ุขุณุงู ุชุฑ ุจูุฏ.  ู ุฏุงูุฏ ููุช ุจฺู ุจูุฏูุ ุงุณุจุงุจ ุจุงุฒ ูุญุจูุจู ฺู ุจูุฏุ ููุชุจุงู!  ู ูููุฒ ูู ุจุฑุงู ุจูุชุฑู ุงุณุช. ุงูุง ุฏุฑ ุฒูุงู ูุดุฎุตุ ุดูุง ุจุงุฏ ุจุฒุฑฺฏ ุดูุฏ.  ูุนูุช ุจู ุฒูุงู! ุฏุฑ 17 ฺูุฆู 2001 ูุง ู ุฎูุงุณุชู ุฒูุงู ุฎู ุณุฑุน ุณูพุฑ ุดูุฏ. ูู ุชูุงูุณุชู ุจุดุชุฑ ุงุฒ ุงู ุตุจุฑ ฺฉูู ุชุง ุฏุงูุฑ ุณู ุจุงุฑ ุณูุช ุจุฒูุฏ. ุญุช ุญุงูุง ูู ููุช ุจู ุขู ูฺฉุฑ ู ฺฉููุ ูููุง ุชูู ุณุฎ ู ุดูุฏ.  ุญุงู ุฒูุงู ุงุฒ ุฑุงู ุฑุณุฏู ู ุฑู ุดุงูู ูุง ูู ุฒุฏู  ู ฺฏูุชู ฺฉู ุจุงุฏ ุจุฒุฑฺฏ ุดูู. ุงู ฺฏูุช ฺฉู ุงุฒ ูุฑุฏุงุ ุชู ฺฉ ุขุฏู ุจุฒุฑฺฏ ูุณุช. ูุจุงุณ ูุง ูุฑุฒุด ู ฺฉูุดุช ุฑุง ุฏุฑ ุจุงูุฑ. ุงุฒ ุญุงูุง ฺฉ ูุฑุฏ ูุณุช ู ุฏฺฏุฑ ูู ุชูุงู ฺูู ุฑุง ุจู ุจฺฉุด ู ููุฑ ุฎูุฑุดุฏ ุฑุง ุฑู ุตูุฑุชุช ุงุญุณุงุณ ฺฉู.  ุฏฺฏุฑ ูู ุชูุงูุฏ ุงุฒ ุดุงุฏ ฺฏูุ ูุจุฑุฒ ุฑุถุงุช ุจุดู.  ุฏุฑ ุงู ฺูุฏ ูุงู ุงุฒ ุฎูุฏู ู ูพุฑุณุฏู ฺฉู ฺุฑุง ุจุงุฏ ุงุฒ ุงู ุฑูุง ุจุฏุงุฑ ุดูู. ููุช ุจฺู ูุณุชุฏุ ู ุฏุงูุฏ ฺฉู ููุช ุฑูุง ฺุฒ ุฑุง ุฏุงุฑุฏุ ุชุง ููุช ูุงุฏุฑุชุงู ุดูุง ุฑุง ุจุฑุง ูุฏุฑุณู ุงุฒ ุฎูุงุจ ุจุฏุงุฑ ูฺฉุฑุฏูุ ู ุชูุงูุฏ ุฏุฑ ุขู ุฒูุฏฺฏ ฺฉูุฏ. ุดูุง ุชูุงุด ู ฺฉูุฏ ุชุง ุจุง ุฎูุงุจุฏูุ ุจู ููุงู ุฑูุง ุจุฑฺฏุฑุฏุฏ ุงูุง ูุฑฺฏุฒ ุงู ุงุชูุงู ุฑุฎ ูู ุฏูุฏ.  ุงู ุจุงุฑ ุฏฺฏุฑ ุฑูุง ูุจูุฏ. ูุงูุนุช ุจูุฏ. ู ุฎูุงูู ุงู ุณุฎูุฑุงู ุฑุง ุจู ููู ฺฉูุฏฺฉุงู ฺฉู ูู ุฑุง ุชุดูู ฺฉุฑุฏูุฏุ ุชูุฏู ฺฉููุ ุขููุง ฺฉู ุงุญุชูุงูุง ุจุง ูู ุจุฒุฑฺฏ ุดุฏูุฏ ู ุญุงูุง ูพุฏุฑ ูุณุชูุฏ.  ุฏูุณุช ุฏุงุฑู ุฏูุฑุงู ุญุฑูู ุง ุงู ุฑุง ูุงููุฏ ฺฉ ุฏุงุณุชุงู ุงูุณุงูู ุง ูฺฏุงู ฺฉูู ู ุงู ูุณูุช (ุฎุฏุงุญุงูุธ)ุ ุจุฏุชุฑู ุจุฎุด ุขู ุงุณุช. ุงฺฉููู ุฏฺฏุฑ ูุงูุนุง ุชูุงู ุดุฏู ุงุณุช. ุจุฑุง ุขุฎุฑู ุจุงุฑ ูพุฑุงููู ุฑุง ุงุฒ ุชู ุฎุงุฑุฌ ู ฺฉูู. ุขู ุฑุง ุจู ุฏูุช ุชุง ู ฺฉููุ ุญุช ุงฺฏุฑ ูุฌุจูุฑ ุจุงุดู ุจฺฏูู ฺฉู ุจุฑุง ุฑูุชู ุขูุงุฏู ูุณุชู ู ุดุงุฏ ูฺ ููุช ูู ุขูุงุฏู ูุจุงุดู.  ุงฺฉููู ุงุฒ ุงู ูพูู ูุง ูพุงู ู ุขูุ ูุงุฑุฏ ุฑุฎุชฺฉู ู ุดููุ ุฌุง ฺฉู ููุช ฺฉ ฺฉูุฏฺฉ ุจูุฏูุ ูพุฐุฑุง ูู ุดุฏ ู ุญุงูุง ุจู ุนููุงู ฺฉ ูุฑุฏุ ุขู ุฑุง ุชุฑฺฉ ู ฺฉูู. ุฎูุดุญุงูู ู ุงูุชุฎุงุฑ ู ฺฉูู ฺฉู ุฏุฑ ููู ุงู ุณุงู ุนุงุดู ุฑู ุจูุฏู. ุฏูุณุช ุชุงู ุฏุงุฑู." . .  #francesco_totti#ฺฉุงูพุชุงู#ููุณุชุงูฺ#ูุฑุงูฺุณฺฉู_ุชูุช
39,BUcBY03Bk6u,https://www.instagram.com/p/BUcBY03Bk6u/?taken-by=seyed.ali.azimi,https://scontent-frt3-2.cdninstagram.com/vp/53a0e63c42320381f0371aa08c3c8eff/5C7B2F23/t51.2885-15/e35/18722249_918951954909412_8089495190332506112_n.jpg,1495548899,2,113,: . . . . ุฏุฑ ุดูุฑู ุดูุฑ ูพุฑ ุงุณุช ุงุฒ ุณุฑุจุงุฒูุง ูุณูุญ  ูู ุจู ูุงุตูู  ุฏู ูุชุฑ  ุฏู ุจู ุฏู ู ฺฏุงู ุณู ุจู ุณู  ุฏุฑ ฺฏูุดู ู ููุงุฑูุง ุงูุณุชุงุฏู ุงูุฏ  ุณููุงูุง ุณุฑ ุชุฑุงุดูุฏู  ูู ุนุดู ุจู ููุณูุงูุง ุฑุง  ุจู ฺููู ู ูุจุงุณูุง ุฎุงู ุฎุงู ุจุจุฑ ูุนุงููู ูุฑุฏู ุงูุฏ  ุฏู ุฑูุฒ ุงุฒ ุงุชูุงู ุงูุชุฎุงุจุงุชุ ฺฏุฐุดุชู ุงุณุช  ูุฑุฏู ุจู ุฌุจุฑ ูููุดฺฏ ุชุงุฑูุฎ  ุจู ุถููุฑ ุชุจุฏูู ู ุดููุฏ  ู ุถููุฑูุง  ุจุง ููู  ุฎูุจ ูุง ู ุจุฏ ูุงุดุงู  ุฎูุฏ ุฑุง  ุฏุฑ ูุฒุงุฑุชู ูุตูุญุชุ ูุณุชุชุฑ ู ูููุฏ  ุงุญุณุงุณ ู ููู ุจู ุณุฑุฏุฎุงูู ุง  ุจุฑุง ุดูุงุณุงู ุฌุณุฏ ู ุฑูู  ูุง ุจูุดุชุฑ ุนูุฑูุงู ุฑุง ุชุฑุณูุฏู ุงูู " ูุง ู ุชุฑุณูู ูพุณ ูุณุชูู"  ูุง ุจ ููฺ ุฌุฑู ู ฺฏูุงู ู ุชุฑุณูู  ุฎูุจูู ู ู ุชุฑุณูู  ุฎูุจุชุฑูููู ู ู ุชุฑุณูู  ุฏููุฑุงุณ ูุซู ูพูุชุฒุง  ุจู ูุนุฏู  ูุง ูุงุณุงุฒฺฏุงุฑ ุงุณุช  ููฺ ุญุฑูุช ูุฏุงุฑุฏ ุขุฏู  ุณุจุฏ ุจูุงูุฑ ู ุฎูุฑุดูุฏ ุฑุง ุจู ุฒูุฑ ุณุจุฏ ูพููุงู ูู  ูุฌุง ุดูุฑูุ ูุฌุง ุชุงุฑูุฎุ ูุฌุง ุฒูุงูุ . . . .  #ุญุณู_ูพูุงู ๐ #ูุงูู_ูุงู_ุจู_ุขูุง#ุงูุชุฎุงุจุงุช#ฺฉุงุดุงู
38,BUE8YPNlfTk,https://www.instagram.com/p/BUE8YPNlfTk/?taken-by=seyed.ali.azimi,https://scontent-frt3-2.cdninstagram.com/vp/9ac6a7ecc24f2842b7c8ce450ef0b695/5CA53BD5/t51.2885-15/e35/18444673_226362444518298_1739854250466344960_n.jpg,1494774521,11,123,. . . .  ุงุฒ ฺฉูุงุฑ ููุจุฑู ุง ูฺฏุฐุดุชู ุ ฺฉู ุฑู ุขู ููุดุชู ุจูุฏ  ุงูุฌุง ุขุฑุงูฺฏุงู ูุฑุฏ ุฑุงุณุชฺฏู ู ุณุงุณุชูุฏุงุฑ ุจุฒุฑฺฏ ุงุณุช  ุงู ุงููู ุจุงุฑ ุจูุฏ ฺฉู ู ุฏุฏู  ุฏู ููุฑ ุฑุง ุฏุฑ ฺฉ ูุจุฑ  ุฏูู ฺฉุฑุฏู ุงูุฏ... . . .  #ููุณุชูู_ฺุฑฺู #ุงุฑุฏ_ุจูุดุช #ุญุงุท_ุช #ุงููู
37,BTqE8_HFZM5,https://www.instagram.com/p/BTqE8_HFZM5/?taken-by=seyed.ali.azimi,https://scontent-frt3-2.cdninstagram.com/vp/6e96ec018455d6789fb0bbdaf63b6337/5CB23BA7/t51.2885-15/e35/18252562_766681363494129_2477609918295703552_n.jpg,1493873047,5,126,๐ท . . . .  ุจุฑุง ูู ฺฉู ฺูููุ ุชู ุฌุงู ูุชุตู ูุฑุง ุฒ ุฎูุฏ ูฺฉู ุง ุฌุงู ุฌุฏุง ฺฉู ููุฑู... . . . #ุญุณู_ููุฒู #ุงุฑุฏ_ุจูุดุช #ุญุงุท_ุช #ุดุงุฎู
36,BTjZSenls52,https://www.instagram.com/p/BTjZSenls52/?taken-by=seyed.ali.azimi,https://scontent-frt3-2.cdninstagram.com/vp/2d9a191a51e0aacc379bfe7e8119fadc/5C77C60C/t51.2885-15/e35/18161170_766456026891148_5663800354219753472_n.jpg,1493648828,0,111,. . . . ุจฺฏุฐุงุฑ ุขูุชุงุจู ูู ูพุฑููู ุจุงุดุฏ ู ุขุณูููููููููุงูู ูู ุขู ฺฉูููโฺฉุฑุจุงุณู ุจโุฑูฺฏ ุขุณูุงู ุงุฒ ููุฑูุฒู ูุดุงุจููุฑ ุจุง ุฑฺฏููโูุง ุณุจูุฒู ุดุงุฎุณููุงุฑุงู ููฺูู ูุฑุงุฏู ูุงฺฺฏููู ุฌูฺฏู ุฏุฑ ุฏุฑูุงฺู ุงโุุขุฒุงุฏ ู ุฑููููุง ููฺูููู ุขููููููู ุงโููููู ฺฉู ุชฺฉุซุฑุชูููููู ูโฺฉูุฏ  #ุดุงููู #ุขุจ_ุณูุฏ #ุงุฑุฏ_ุจูุดุช
35,BTMQYcsFCiq,https://www.instagram.com/p/BTMQYcsFCiq/?taken-by=seyed.ali.azimi,https://scontent-frt3-2.cdninstagram.com/vp/c6c4c225e4d37338c2e31b933a425196/5CB02460/t51.2885-15/e35/18013388_1414492475239973_8321030357499510784_n.jpg,1492872406,0,110,. . . โุจุงุฏ ุงูุฑูุฒ ุญูุงุณู ุจุงุดุฏ  ฺฉู ุงฺฏุฑ ูุงุตุฏฺฉ ุฑุง ุฏุฏู ุ ุขุฑุฒููุงู ุฑุง  ุจุฏูู ุชุง ุจุฑุณุงูุฏ ุจู ุฎุฏุง ุ ุจู ุฎุฏุง ฺฉู ุฎูุฏู ูุฏุงูู ุ ูู ุฎุฏุง ฺฉู ุจุฑุงู ุงุฒ ุฎุดู ุ ูู ุฎุฏุง ฺฉู ุจุฑุงู ุงุฒ ููุฑุ  ูู ุฎุฏุง ฺฉู ุจุฑุงู ุฒ ุบุถุจ ุณุงุฎุชู ุงูุฏ . ุจู ุฎุฏุง ฺฉู ุฎูุฏู ูุฏุงูู ุ ุจู ุฎุฏุง ฺฉู ุฏูุด ูพุฑูุงูู ุงุณุช ุ ู ุจู ูุฑุบุงู ููุงุฌุฑ ูุฑ ุณุงู ุฑุงู ุฑุง ูฺฏูุฏุ  ู ุจู ุจุงุฑุงู ฺฏูุชู ุงุณุช ุจุงุบูุง ุชุดูู ุดุฏูุฏ ุ ู ุญูุงุณุด ุญุช  ุจู ุฏู ูุงุฒฺฉ ุดุจ ุจู ูู ูุณุชุ  ฺฉู ูุจุงุฏุง ฺฉู ุชุฑฺฉ ุจุฑุฏุงุฑุฏ ุ  ุจู ุฎุฏุง ฺฉู ุฎูุฏู ูุฏุงูู  ฺู ุฎุฏุง  ุฌุงูู ... . . .  #ุณูุฑุงุจ_ุณูพูุฑ #ุงุฑุฏ_ุจูุดุช
34,BS3jan6l1rI,https://www.instagram.com/p/BS3jan6l1rI/?taken-by=seyed.ali.azimi,https://scontent-frt3-2.cdninstagram.com/vp/bdbe831b48d00549e015a2278dc47a56/5CB018B9/t51.2885-15/e35/17932209_792177024270681_1172685900425986048_n.jpg,1492177742,2,131,. . . . ุงู ุฎุงูู ุฑุง ุจฺฏุฐุงุฑ ู ุจฺฏุฐุฑ ุจูุง ูู ุจููููุง ุชุง ฺฉุนุจูููู ุฏู ุจุงูุฑ ูฺฉูู ุชููููุงุชููููููู ุฑุง ูู ุจุงุชูุงู ููุฒู ุจูู ููุฒู ______________________________________________ #ุงูุงูุฒุงุฏู_ุขูุง_ูพุฑ_ุนุจุงุฏ #ูุญูุฏ_ุงุตููุงู #ูุฑูุฑุฏู_นถ #ุงููุฑุง_ุงูุงู
33,BSd8FoVFo-d,https://www.instagram.com/p/BSd8FoVFo-d/?taken-by=seyed.ali.azimi,https://scontent-frt3-2.cdninstagram.com/vp/31ecea91df4a8b25553378b97ce81a61/5C94D2B1/t51.2885-15/e35/17494998_287188241716321_1225501920718749696_n.jpg,1491318262,4,110,. . . . ุตุฏ ูุตู ุจููุงุฑ ุขุฏ ู  ุจุฑูู ููููู ฺฏููููููุงู!  ุชุฑุณู ฺฉู ุจุง ุชู ู ุฏุฑ ุฎุงููู ูุจุงุดูููู ... . . . . #ูุฑูุฑุฏู #ุฎููู_ุขูุงุฌ #ูุญุด_ุจุงูู
32,BRw8E7dhD-a,https://www.instagram.com/p/BRw8E7dhD-a/?taken-by=seyed.ali.azimi,https://scontent-frt3-2.cdninstagram.com/vp/9e24a623eb49fcd277f4fa72ad413c51/5BFE0484/t51.2885-15/e15/17333465_396317120747155_7728489513927835648_n.jpg,1489808307,0,172,. . #ุฎุงุทุฑู_ุจุงุฒ . . . . __________________________________________________ #ุงุณููุฏ#ุจูุงุฑ#ฑณนต#ุจู_ุนุฏ#ุจู_ุชููพ#ุจู_ฺฉุงุบุฐ_ุฑูฺฏ#ูุงู_ุฏูุฏ#ุณูุฑู_ูู#ุจู_ุงุณ_ุฌุงููุงุฒ_ุชุฑูู_ูุงุฏุฑุจุฒุฑฺฏ#ุดุงุฏ_ุดฺฉุณุชู_ููฺฉ_ูพูู#ุณฺฉู_ุนุฏ#ุงุณฺฉูุงุณ_ุชุง_ูุฎูุฑุฏู#ูุงุดู_ุฒุฏู#ุฎุฒ_ุจููุฏ#ุจุชู_ููุฑ#ุจุฑู_ฺฉูุด_ุฌูุช_ุดุฏู#ุฏููฺฉ#ุฌุฑูู_ุนุฏ_ูุฏุฑุณู#ุจู_ฺฏู_ูุญูุฏ#ุจู_ุจุงุบฺู#ุจู_ุญูุถ#ุนุทุฑ_ุฎูุจ_ูุฐุฑ#ุดุจ_ุฌูุนู#ุฌู_ูุงุฌูุฑุฏ#ุขุจ_ุชู#ุจุง_ุงูุง_ุฒูุณุชููู_ุณุฑ_ูฺฉูู#ุจุง_ุงูุง_ุฎุณุชฺฏูู_ุฏุฑ_ูฺฉูู#ูุถุนุช_ุณูุฏ
31,BRchLjElHbL,https://www.instagram.com/p/BRchLjElHbL/?taken-by=seyed.ali.azimi,https://scontent-frt3-2.cdninstagram.com/vp/d390535487512cc4f6687d4c55c0b7e1/5CA783EA/t51.2885-15/e35/17126459_411704299206893_2548478923084136448_n.jpg,1489123117,1,122,. . . . ุจู ุตุฏ ุฌุงู ูุฎุฑู ฺฏูุฑุฏ  ฺฉู ุฎุฒูุฏ ุงุฒ ุณูุฑู ุฑุงูุช . . . . #ูุญุด_ุจุงูู #ุงุฒูุง_ุงุฑุงฺฉ #ุฒูุณุชูู #ุงุณููุฏ #ุฌุงุฏู #am_iranaks #ir_photographer #iran_aks_mobile
30,BRA4QqgFBPl,https://www.instagram.com/p/BRA4QqgFBPl/?taken-by=seyed.ali.azimi,https://scontent-frt3-2.cdninstagram.com/vp/02e24435ad1d105042c547eb3408bc7b/5C7318D9/t51.2885-15/e35/16908766_1309836715791641_9018834810772127744_n.jpg,1488195693,3,126,. . . . ูููู ุจูุฑ ุณูููุฑ ุฒุจูุงููุฏ ู ุชูู ุฏุฑ ููุงู ุฌูุงู  #ุณุนุฏ
29,BQcbIbsD-Fl,https://www.instagram.com/p/BQcbIbsD-Fl/?taken-by=seyed.ali.azimi,https://scontent-frt3-2.cdninstagram.com/vp/783db1f7c77aa9945ca8809dc27fb9b2/5CAE68FD/t51.2885-15/e35/16464937_1277167662369459_6417745175421911040_n.jpg,1486972462,2,101,ยฐ ยฐ ยฐ ยฐ ยฐ ยฐ ยฐ ยฐ ยฐ ยฐ ยฐ ยฐ ยฐ ยฐ ยฐ ยฐ ยฐ ยฐ ยฐ ยฐ ยฐ ยฐ ยฐ ยฐ ยฐ ยฐ ยฐ ยฐ ยฐ ยฐ ยฐ ยฐ ยฐ ยฐ ยฐ ยฐ ยฐ ยฐ ยฐ ยฐ ยฐ ยฐ ยฐ ยฐ ยฐ ยฐ ยฐ ยฐ ยฐ ยฐ ยฐ ยฐ ยฐ ยฐ ยฐ ยฐ ยฐ ยฐ ยฐ ยฐ ยฐ ยฐ ยฐ ยฐ ยฐ ยฐ ยฐ ยฐ ยฐ ยฐ ยฐ ยฐ ยฐ ยฐ ยฐ ยฐ ยฐ ยฐ ยฐ ยฐ ยฐ ยฐ ยฐ ยฐ ยฐ ยฐ ยฐ ยฐ ยฐ ยฐ ยฐ ยฐ ยฐ ยฐ ยฐ ยฐ ยฐ ยฐ ยฐ ยฐ ยฐ ยฐ ยฐ ยฐ ยฐ ยฐ ยฐ ยฐ ยฐ ยฐ ยฐ ยฐ ยฐ ยฐ ยฐ ยฐ ยฐ ยฐ ยฐ ยฐ ยฐ ยฐ ยฐ ยฐ ยฐ ยฐ ยฐ ยฐ ยฐ ยฐ ยฐ ยฐ ยฐ ยฐ ยฐ ยฐ ยฐ ยฐ ยฐ ยฐ ยฐ ยฐ ยฐ ยฐ ยฐ ยฐ ยฐ ยฐ ยฐ ยฐ ยฐ ยฐ ยฐ ยฐ ยฐ ยฐ ยฐ ยฐ ยฐ ยฐ ยฐ ยฐ ยฐ ยฐ ยฐ ยฐ ยฐ ยฐ ยฐ ยฐ ยฐ ยฐ ยฐ ยฐ ยฐ ยฐ ยฐ ยฐ ยฐ ยฐ ยฐ ยฐ ยฐ ยฐ ยฐ ยฐ ยฐ ยฐ ยฐ ยฐ ยฐ ยฐ ยฐ ยฐ ยฐ ยฐ ยฐ ยฐ ยฐ ยฐ ยฐ ยฐ ยฐ ยฐ ยฐ ยฐ ยฐ ยฐ ยฐ ยฐ ยฐ ยฐ ยฐ ยฐ ยฐ ยฐ ยฐ ยฐ ยฐ ยฐ ยฐ ยฐ ยฐ ยฐ ยฐ ยฐ ยฐ ยฐ ยฐ ยฐ ยฐ ยฐ ยฐ ยฐ ยฐ ยฐ ยฐ ยฐ ยฐ ยฐ ยฐ ยฐ ยฐ ยฐ ยฐ ยฐ ยฐ ยฐ ยฐ ยฐ ยฐ ยฐ ยฐ ยฐ ยฐ ยฐ ยฐ ยฐ ยฐ ยฐ ยฐ ยฐ ยฐ ยฐ ยฐ ยฐ ยฐ ยฐ ยฐ ยฐ ยฐ ยฐ ยฐ ยฐ ยฐ ยฐ ยฐ ยฐ ยฐ ยฐ ยฐ ยฐ ยฐ ยฐ ยฐ ยฐ ยฐ ยฐ ยฐ ยฐ ยฐ ยฐ ยฐ ยฐ ยฐ ยฐ ยฐ ยฐ ยฐ ยฐ
28,BQP3rfKDd6S,https://www.instagram.com/p/BQP3rfKDd6S/?taken-by=seyed.ali.azimi,https://scontent-frt3-2.cdninstagram.com/vp/45273d7f9660bb13b139a92c4d79deb2/5C781A7E/t51.2885-15/e35/16584970_1894621594152857_2296503942130958336_n.jpg,1486551222,2,101,...ุฒูุณุชุงู ุงุณุช
27,BPxjxXrj3c7,https://www.instagram.com/p/BPxjxXrj3c7/?taken-by=seyed.ali.azimi,https://scontent-frt3-2.cdninstagram.com/vp/a5cdb1765bd9f7e1ad691752dc3788a9/5CB0F2EE/t51.2885-15/e35/16228698_1197504593678515_8100313633130545152_n.jpg,1485534151,1,136,. . . . ุณุฑุฒูู ูู ููู ูุงู ุณุช ุฒุฑ ูพุงู ูุง ูุจู ฺฉู ุจู ฺฏู ูุงุด ุงุฒ ูพูุณุช ูพุงูุง ุดูุง ุฑุงู ู ุฑูุฏ ุชุง ุฏู ุชุงู ุขูู  ูู ุงู ุขูุจูู ูููุง ุณุช ฺฏุดูุฏู ุฑู ูุฒ ุจุง ฺฏุฑู ูุง ูููุง ูุจุฎูุฏ ู ฺุดู ูุง ูููุง ุขุณูุงู ูู ฺฏฺ ุจุฑ ูุง ู ุณูู ูุณุฌุฏูุงุณุช ู ุจูุฏุ ฺฉู ูู ฺฺฏููู ุงูุ ููุณู ูู ุตุฏุง ุดูุงุณุช ฺฉู ุงุฒ ฺฉูฺู ู ฺฏุฐุฑุฏุ  #ุจฺู_ูุฌุฏ
26,BPemIEmgMEx,https://www.instagram.com/p/BPemIEmgMEx/?taken-by=seyed.ali.azimi,https://scontent-frt3-2.cdninstagram.com/vp/f54fefc02e34f67783e38b61ec95785f/5C94A61C/t51.2885-15/e35/16123379_415173415491448_262993650831589376_n.jpg,1484897851,1,145,. ุฎุงููโุงู ุขุชุด ฺฏุฑูุชูโ ุงุณุชุ ุขุชุด ุฌุงูุณูุฒ ูุฑ ุทุฑู ูโุณูุฒุฏ ุงู ุขุชุด  ูพุฑุฏูโูุง ู ูุฑุดโูุง ุฑุง ุ ุชุงุฑุดุงู ุจุง ูพูุฏ  ูู ุจู ูุฑ ุณู ูโุฏูู ฺฏุฑุงู  ุฏุฑ ููุจ ุขุชุด ูพุฑ ุฏูุฏ  ูุฒ ูุงู ุฎูุฏูโูุงโุงู ุชูุฎ  ู ุฎุฑูุด ฺฏุฑูโุงู ูุงุดุงุฏ  ุงุฒ ุฏุฑูู ุฎุณุชูโ ุณูุฒุงู  ูโฺฉูู ูุฑุงุฏุ ุง ูุฑุงุฏ! ุง ูุฑุงุฏ!  ุฎุงููโุงู ุขุชุด ฺฏุฑูุชูโุณุชุ ุขุชุด ุจโุฑุญู  ููโฺูุงู ูโุณูุฒุฏ ุงู ุขุชุด  ููุดโูุง ุฑุง ฺฉู ูู ุจุณุชู ุจู ุฎูู ุฏู  ุจุฑ ุณุฑ ู ฺุดู ุฏุฑ ู ุฏูุงุฑ  ุฏุฑ ุดุจ ุฑุณูุง ุจโุณุงุญู  ูุง ุจุฑ ููุ ุณูุฒุฏ ู ุณูุฒุฏ  ุบูฺูโูุง ุฑุง ฺฉู ูพุฑูุฑุฏู ุจู ุฏุดูุงุฑ  ุฏุฑ ุฏูุงู ฺฏูุฏ ฺฏูุฏุงูโูุง  ุฑูุฒูุง ุณุฎุช ุจูุงุฑ  ุงุฒ ูุฑุงุฒ ุจุงูโูุงุดุงู ุ ุดุงุฏ  ุฏุดููุงูโุงู ููุฐุงูู ุฎูุฏูโูุง ูุชุญโุดุงู ุจุฑ ูุจ  ุจุฑ ููู ุขุชุด ุจู ุฌุงู ูุงุธุฑ ุฏุฑ ูพูุงู ุงู ููุดูุจูฺฉ ุดุจ  ูู ุจู ูุฑ ุณู ูโุฏูู ฺฏุฑุงู ุงุฒู ุจุฏุงุฏ ูโฺฉูู ูุฑุงุฏโุ ุง ูุฑุงุฏ! ุง ูุฑุงุฏ!  ูุง ุจุฑ ููุ ููฺูุงู ูโุณูุฒุฏ ุงู ุขุชุด  ุขูโฺู ุฏุงุฑู ุงุฏฺฏุงุฑ ู ุฏูุชุฑ ู ุฏูุงู  ู ุขูโฺู ุฏุงุฑุฏ ููุธุฑ ู ุงูุงู  ูู ุจู ุฏุณุชุงู ูพุฑ ุงุฒ ุชุงูู  ุงู ุทุฑู ุฑุง ูโฺฉูู ุฎุงููุด ูุฒ ููุจ ุขู ุฑูู ุงุฒ ููุด ุฒุงู ุฏฺฏุฑ ุณู ุดุนูู ุจุฑุฎุฒุฏุ ุจู ฺฏุฑุฏุด ุฏูุฏ  ุชุง ุณุญุฑฺฏุงูุงูุ ฺฉู ูโุฏุงูุฏ ฺฉู ุจูุฏ ูู ุดูุฏ ูุงุจูุฏ  ุฎูุชูโุงูุฏ ุงู ููุฑุจุงู ููุณุงฺฏุงูโุงู ุดุงุฏ ุฏุฑ ุจุณุชุฑ  ุตุจุญ ุงุฒ ูู ูุงูุฏู ุจุฑ ุฌุง ููุดุช ุฎุงฺฉุณุชุฑ  ูุงุ ุขุง ูฺ ุณุฑ ุจุฑ ูโฺฉูููุฏ ุงุฒ ุฎูุงุจุ ููุฑุจุงู ููุณุงฺฏุงูโุงู ุงุฒ ูพ ุงูุฏุงุฏุ ุณูุฒุฏู ุงู ุขุชุด ุจุฏุงุฏฺฏุฑ ุจูุงุฏ ูโฺฉูู ูุฑุงุฏุ ุง ูุฑุงุฏ! ุง ูุฑุงุฏ!  #ููุฏ_ุงุฎูุงู_ุซุงูุซ #ฺฏู_ู_ุจูุจู #ูพูุงุณฺฉู #ูููฺฉุช #ุงุฑุงู
25,BPXI_E5D0OK,https://www.instagram.com/p/BPXI_E5D0OK/?taken-by=seyed.ali.azimi,https://scontent-frt3-2.cdninstagram.com/vp/54817a155a981a79d6a57df88f62415d/5C8D1644/t51.2885-15/e35/16123115_361676760877072_4781428413070049280_n.jpg,1484647692,2,111,. ฺฉู ูพุฑุดุงู ุงู ุณูุณูู ุฑุง ุขุฎุฑ ูุณุช . . . . .
24,BORj13djsgD,https://www.instagram.com/p/BORj13djsgD/?taken-by=seyed.ali.azimi,https://scontent-frt3-2.cdninstagram.com/vp/ad1aac65b2ce8130d9d4fb0a44c188f0/5C951DAE/t51.2885-15/e35/15624959_1027238380738185_6611154579327287296_n.jpg,1482312962,9,174,. โฅ๏ธ โฃ๏ธ โฆ๏ธ โ๏ธ ุฏุฑ ุงู ุจุงุฒ ฺูุงุฑ ููุฑู  ฺู ฺฉุณ ุชููุจ ฺฉุฑุฏ  ฺฉู ุจุฑฺฏ ุจู ุฒูุณุชุงู ูุฑุณุฏุ โฅ๏ธ โฃ๏ธ โฆ๏ธ โ๏ธ #ุฑูุฒ_ุณุฑุฏ#ุฒูุณุชุงู
23,BNzJpVVDWXP,https://www.instagram.com/p/BNzJpVVDWXP/?taken-by=seyed.ali.azimi,https://scontent-frt3-2.cdninstagram.com/vp/132f48a126e1f00f32176b760d35cc61/5C7A807A/t51.2885-15/e35/15306534_712890192194070_7739982919426375680_n.jpg,1481292595,3,143,: : : : ูุงุฑุง ฺฉู ุชู โููุธูุฑ ุฎุงุทุฑ ูุฑูุฏ ุฌุง : : : : โ #ุงูุงู_ุฒูุงู #ุณุนุฏ #ุฌูุนู
22,BNRTU2nD2K_,https://www.instagram.com/p/BNRTU2nD2K_/?taken-by=seyed.ali.azimi,https://scontent-frt3-2.cdninstagram.com/vp/4c2ca2a914ff48fb6dbdd3ec8eb4f94a/5C943006/t51.2885-15/e35/15251700_904893602944628_4806826470246711296_n.jpg,1480156820,2,112,. . . .  ุชู ุขุฑุฒู ุจููุฏ ู  ุฏุณุช ูู ููุชุงู . ูุฏุงู ูพุด ูฺฏุงู ูุฏุงู ูพุด ูฺฏุงู . . . .  #ูุฑุฏูู_ูุดุฑ
21,BNJeLPVj1DS,https://www.instagram.com/p/BNJeLPVj1DS/?taken-by=seyed.ali.azimi,https://scontent-frt3-2.cdninstagram.com/vp/b8dc8f0f1ac62bae28863fe3b401a08b/5C8C7FF2/t51.2885-15/e35/15034834_242113989540445_6476485214041276416_n.jpg,1479894073,1,127,. . . . . ุจุงุบ ูููุฏุงู ุ ฺุดู ุฏุฑ ุฑุงู ุจูุงุฑ ูุณุช . . . . . #ุงุฎูุงู_ุซุงูุซ #ุญุงุท_ุช #ุฎุฒุงู
20,BMoah1pjrzL,https://www.instagram.com/p/BMoah1pjrzL/?taken-by=seyed.ali.azimi,https://scontent-frt3-2.cdninstagram.com/vp/7774804195d3fa4f097b093d9f90102b/5C981EA8/t51.2885-15/e35/14624476_396110154053432_8991121040373448704_n.jpg,1478784864,6,153,. . . . . ุขู ุงุฎุจุงุฑ ุฑุง ุฎุงููุด ฺฉู ุนุฒุฒู ุงู ูุง ุจุงุฒู ุณุงุณุช ุงุณุช ุชุฑุงููพ ุง ฺฉููุชูู ุจู ูุง ฺู ุฑุจุท ุฏุงุฑุฏุ ุงุฎุจุงุฑ ุฑุง ุฎุงููุด ฺฉู ุตุฏุง ุขู ููุณู ุฑุง ุจุงูุง ุจุจุฑ ุฏู ูููู ุจุฑุฒ ฺฉูุงุฑู ุจูุดู ู ฺฏุณูุช ุฑุง ูพุฎุด ฺฉู ุฑู ุดุงูู ุงุช ุณุฑุช ุฑุง ุจฺฏุฐุงุฑ ุฑู ุณูู ุงู... . ุญู ุงุณุช ุงู ุขุฑุงูุด ุฏูููุฑู ุฑุง ุจุฑ ูู ุจุฒูู... .  ุฏูุงู ูู ุงูุฏฺฉ ูุฑู ุฏุงุฑุฏ ุฏูุง ูู ุฏุณุช ูฺ ฺฉุฏุงู ุงุฒ ุงู ุณุงุณุชูุฏุงุฑุงู ูุณุช ุฏูุง ูู... . ุฏุณุชู ฺุดูุงูู ุชูุณุช ุฏุณุช ฺุดูุงูู ูุชุนุฌุจ ุงุช ูุจู ุงุฒ ุจูุณู...! ุณุงุณุช ุจุงุฒ ุฑุง ุจฺฏุฐุงุฑ ุจุฑุง ูุฑุฏู ฺฉู ุฏูุณุช ุฏุงุฑูุฏ ุจุงุฒฺฏุฑ ุงู ุณุฑุงูู ุณุฑุงุณุฑ ุฏุฑูุบ ุจุงุดูุฏ... . ุชู ุดุฎุตุชู ุงุตูู ุฒูุฏฺฏ ูุงูู  ูู ุจุงุด ุขู ุงุฎุจุงุฑ ุฑุง ุฎุงููุด ฺฉู ูุฑุตุช ุฒุณุชู ฺฉู ุงุณุช ุฒุณุชู ุฏุฑ ุนุทุฑู ุขุบูุดู ูู ููุฑ ุฑุง ฺฉู ฺฉู ููุณู ุฑุง ุฒุงุฏ ุงุฒ ูุจ ูุงุช ุจูุณู ู ุจุงุฑุฏ ฺฏูู ุณูุฑูุช ฺุดูฺฉ ูุฒูุฏ ูููุงุช ุจุงูุชู ูุฎูุงูุฏ... . . . . . .  #ุนู_ุณูุทุงู  #ุบุฑูุจ #ูพุงุฒ #ุขุจุงู #ุงุฒูุง
19,BLn0QgajpmU,https://www.instagram.com/p/BLn0QgajpmU/?taken-by=seyed.ali.azimi,https://scontent-frt3-2.cdninstagram.com/vp/89bbd4a245a4a48363304ececd6fb50f/5C93941B/t51.2885-15/e35/14726464_1301743983189211_3208416767126798336_n.jpg,1476617316,4,130,. ุจฺู ูุง ุณูุงูุ ุฏูู ุจุฑุงู ููู ุดูุง ุชูฺฏ ุดุฏู ุ ฺฉุงุด ูู ุดุฏ ูุงููุฏ ฺฏุฐุดุชูุ ุฎุณุชู ุงุฒ ุจุงุฒุฏูุฏุ ฺฉู ุขู ุฑุง ฺฏุฑุฏุด ุนููู ูู ูุงููุฏูู ุ ู ุฎุณุชู ุงุฒ ููู ููุงูููุง ุ ฺฏุฑุฏ ู ุบุจุงุฑ ุฎุณุชฺฏููุงููุงู ุฑุง ููุฑุงู ุฒูุงูู ฺุดูู ุฑูุณุชุง ุจู ุฏุณุช ูุฑุงููุดู ูู ุณูพุฑุฏูู ุ ฺฉุงุด ูู ุดุฏ ูุซู ฺฏุฐุดุชู ฺฏูุดูุงู ุฑุง ุจู ยซุตุฏุงู ูพุงู ุขุจ ยป ู ุชููุงู ุฑุง ุจู ููุงุฒุด ฺฏู ู ฺฏูุงู ููุณูพุฑุฏูู ู ฺฉุชุงุจ ุฑูุงุถู ุฑุง ุจุง ููู ูุฌูููุงุชุ ุฒูุฑ ุณูฺฏู ูู ฺฏุฐุงุดุชูู ุฺูู ููุชู ุจุงุจุง ูุงูู ุจุฑุงู ุชูุฏูู ฺฉุฑุฏู ุฏุฑ ุณูุฑู ูุฏุงุฑุฏ ฺู ูุฑูู ูู ฺฉูุฏ ุ ูพู ุณู ูููุฒ ฺูุงุฑุฏู ุจุงุดุฏ ุง ุตุฏ ูููุฒ ฺูุงุฑุฏู ุุฏุฑุณ ุนููู ุฑุง ุจุง ููู ุชุบููุฑุงุช ุดูููุงูู ู ููุฒูฺฉู ุฏููุง ุ ุจู ฺฉูุงุฑู ูู ฺฏุฐุงุดุชูู ู ุจู ุงููุฏ ุชุบููุฑู ุงุฒ ุฌูุณ ยซุนุดู ู ูุนุฌุฒูยป ูฺฉู ูุงู ุงุจุฑ ุฑุง ุฏุฑ ุขุณูุงู ููุฑุงู ุจุง ูุณูู ุจุฏุฑูู ูู ฺฉุฑุฏูู ู ููุชุธุฑ ุชุบููุฑู ูู ูุงููุฏู ฺฉู "ฺฉูุฑุด" ููุงู ููฺฉูุงุณู ูพุฑุดูุฑุชุงู ุฑุง ุงุฒ ุณุฑ ฺฉูุงุณ ุฑุงูู ฺฉุงุฑฺฏุฑู ูฺฉูุฏ ู ุฏุฑ ููุฌูุงูู ุงุฒ ุจููุฏุงู ุณุงุฎุชูุงู ุจู ุฏูุจุงู ูุงู ุจุฑุงู ูููุดู ุณููุท ูููุงูุฏ ู ุชุฑฺฉูุงู ูฺฉูุฏ ุ ููุชุธุฑ ุชุบููุฑู ฺฉู ุจุฑุงู ุนูุฏ ููุฑูุฒ ูฺฉ ุฌูุช ฺฉูุด ูู ู ูฺฉ ุฏุณุช ูุจุงุณ ุฎูุจ ู ูฺฉ ุณูุฑู ูพุฑ ุงุฒ ููู ู ุดูุฑููู ุจุฑุงู ููู ุจู ููุฑุงู ุฏุงุดุชู ุจุงุดุฏ. ฺฉุงุด ูู ุดุฏ ุจุงุฒ ุฏุฑ ุจูู ูพุณุฑุงู ฺฉูุงุณ ุงููู ููุงู ุฏุฑูุงุฒู ุจุงู ูู ุดุฏู ู ุดูุง ุฏุฑ ุฑููุงู "ุฑููุงูุฏู ุดุฏู" ุจู ุขูุง ูุนููุชุงู ฺฏู ูู ุฒุฏูุฏุุงูุง ุงูุณูุณ ููู ุฏุงููุฏ ฺฉู ุฏุฑ ุณุฑุฒููู ูุง ุฑููุงูุง ู ุขุฑุฒููุง ูุจู ุงุฒ ูุงุจ ุนฺฉุณูุงู ุบุจุงุฑ ูุฑุงููุดู ุจู ุฎูุฏ ูู ฺฏูุฑุฏ ุ ฺฉุงุด ูู ุดุฏ ุจุงุฒ ูพุงู ุซุงุจุช ุญููู "ุนูู ุฒูุฌูุฑุจุงู" ุฏุฎุชุฑุงู ฺฉูุงุณ ุงูู ูู ุดุฏู ุ ููุงู ุฏุฎุชุฑุงูู ฺฉู ูู ุฏุงูู ุณุงููุง ุจุนุฏุ ุฏุฑ ฺฏูุดู ุฏูุชุฑ ุฎุงุทุฑุงุชุชุงู ุฏุฒุฏฺฉู ูููููุณูุฏ: ฺฉุงุด ุฏุฎุชุฑ ุจู ุฏููุง ููู ุขูุฏูุฏ. ุฑุงุณุชู ฺู ฺฉุณู ูู ุฏุงูุฏ ุงฺฏุฑ ุดูุง ูุฑุดุชฺฏุงูุ ุฒุงุฏู ุฑูุฌ ู ููุฑ ูุจูุฏูุฏ ุ ฺฉุงุบุฐ ุจู ุฏุณุช ุจุฑุงู ฺฉููพูู ุฒูุงู ุงูุถุงุก ุฌูุน ููู ฺฉุฑุฏูุฏ ู ูุง ุงฺฏุฑ ุฏุฑ ุงูู ฺฏูุดู ุงุฒ ยซ ุฎุงฺฉ ูุฑุงููุด ุดุฏู ุฎุฏุง ยป ุจู ุฏููุง ููู ุขูุฏูุฏ ุ ูุฌุจูุฑ ูุจูุฏูุฏ ุฏุฑ ุณู ุณูุฒุฏู ุณุงูฺฏู ุจุง ฺุดูุงูู ูพุฑ ุงุฒ ุงุดฺฉ ู ุญุณุฑุช ยซุฒูุฑ ุชูุฑ ุณููุฏ ุฒู ุดุฏูยป ุจุฑุงู ุขุฎุฑูู ุจุงุฑ ุจุง ูุฏุฑุณู ูุฏุงุน ฺฉููุฏ ู ยซูุตู ุชูุฎ ุฌูุณ ุฏูู ุจูุฏูยป ุฑุง ุจุง ุชูุงู ูุฌูุฏ ุชุฌุฑุจู ฺฉููุฏ. ูพุณุฑุงู ุทุจูุนุช ุขูุชุงุจุ ููุฏุงูู ุฏูฺฏุฑ ููู ุชูุงููุฏ ุจุง ููฺฉูุงุณููุงูุชุงู ุจูุดูููุฏ ุ ุจุฎูุงููุฏ ู ุจุฎูุฏูุฏุ ฺูู ุจุนุฏ ุงุฒ ยซูุตูุจุช ูุฑุฏ ุดุฏูยป ุชุงุฒู ยซุบู ูุงูยป ฺฏุฑูุจุงู ุดูุง ุฑุง ฺฏุฑูุชู ุ ุงูุง ูุงุฏุชุงู ุจุงุดุฏ ฺฉู ุจู ุดุนุฑ ุ ุจู ุขูุงุฒ ุ ุจู ูููุงูุงูุชุงู ุ ุจู ุฑููุงูุงูุชุงู ูพุดุช ูฺฉููุฏ ุ ุจู ูุฑุฒูุฏุงูุชุงู ูุงุฏ ุจุฏููุฏ ุจุฑุงู ุณุฑุฒูููุดุงูุ ุจุฑุงู ุงูุฑูุฒ ู ูุฑุฏุงูุง ูุฑุฒูุฏู ุงุฒ ุฌูุณ ยซุดุนุฑ ู ุจุงุฑุงูยป ุจุงุดูุฏ. ุจู ุฏุณุช ุจุงุฏ ู ุขูุชุงุจ ูู ุณูพุงุฑูุชุงู ุชุง ูุฑุฏุงูู ูู ฺูุฏุงู ุฏูุฑ , ุฏุฑุณ ุนุดู ู ุตุฏุงูุช ุฑุง ุจุฑุงู ุณุฑุฒููููุงู ูุชุฑูู ุดููุฏ. . . #ูุนูู #ุฒูฺฏ_ุชูุฑุญ #ูุฑุฒุงุฏ_ฺฉูุงูฺฏุฑ #ุฑูุณุชุง_ุฏุฑุจูุฏ #ุฏุฑ_ููุฏูู_ุณุงุฎุช_ูุทู
18,BLdWmnKjT1O,https://www.instagram.com/p/BLdWmnKjT1O/?taken-by=seyed.ali.azimi,https://scontent-frt3-2.cdninstagram.com/vp/70ef1c441a8e85f5083c69390895947f/5CB0A966/t51.2885-15/e35/14533768_1092113697562198_2901467102432985088_n.jpg,1476266224,0,107,. . . . . ุณู ู ุฒุฑ ูุง ุ ุดฺฉุฑ ฺฉู ุงูุฏูุฎุชู  ูุณุช . . . . โ. #ุงูุณูุงู_ุนูฺฉ_ุง_ุงุจุงุนุจุฏุงููู
17,BLEJFzBDxoJ,https://www.instagram.com/p/BLEJFzBDxoJ/?taken-by=seyed.ali.azimi,https://scontent-frt3-2.cdninstagram.com/vp/d2a2364906b02f2ec3b2691eccc54cb4/5C73B6F7/t51.2885-15/e35/14449274_1793032660940826_7599586679107616768_n.jpg,1475420279,2,110,. ๐ . . . .  ุขุดฺฉุงุฑุง ููุงู ฺฉูู ุชุง ฺูุฏุ ุฏูุณุช ูโุฏุงุฑูุช ุจู ุจุงูฺฏ ุจููุฏ . . . . ๐ #ุชููุฏุช_ูุจุงุฑฺฉ #ุญุงุท_ุช #ุจุงุบฺู #ฑฑููุฑ #ุฑุฒ
16,BKloweVjgWh,https://www.instagram.com/p/BKloweVjgWh/?taken-by=seyed.ali.azimi,https://scontent-frt3-2.cdninstagram.com/vp/30c6079b512dbe9a283d47b401c5e644/5CB23CBC/t51.2885-15/e35/14350469_1072480179545273_1450860073_n.jpg,1474396694,2,83,. . . . . โ. ุงู ุดุฑุญู ุจ ููุงุช ฺฉุฒยุญุณู ุงุฑ ฺฏูุชูุฏ ุ  ุญุฑู ุงุณุช ุงุฒ ูุฒุงุฑุงู ุ ฺฉุงูุฏุฑ ุนุจุงุฑุช ุขูุฏย...
15,BJ-h8vvDOWM,https://www.instagram.com/p/BJ-h8vvDOWM/?taken-by=seyed.ali.azimi,https://scontent-frt3-2.cdninstagram.com/vp/1527ab5c8a775c6ae29b438bbde3d55b/5CA5D953/t51.2885-15/e35/14032918_1122730121126770_746027178_n.jpg,1473084501,0,98,. . . #ูุชูู#ุงูุงูุฒุงุฏู#ุทุงุฒุฑุงู#ุดูุฑูุฑ
14,BJvIs5bDSM_,https://www.instagram.com/p/BJvIs5bDSM_/?taken-by=seyed.ali.azimi,https://scontent-frt3-2.cdninstagram.com/vp/a313424a701e6df2ef0a1893ac56e2d9/5C9468D0/t51.2885-15/e35/14063123_1586495751651454_2107845292_n.jpg,1472567948,0,92,. . . .  ุจฺฏุฐุงุฑ ุฒุงูุฏุงู ุณู ุฏุงูู ุ  ุฑุณูุง ฺฉู ู ุงูุฌููู ุฎูุงููุฏ . . . #ูุฑูุบ#ููู_ุชุฑุด
13,BJvIs5bDSM_,https://www.instagram.com/p/BJpBMfSDxt-/?taken-by=seyed.ali.azimi,https://scontent-frt3-2.cdninstagram.com/vp/20218f8aed2c2ce9c0f973454fcaf55b/5CAD02B8/t51.2885-15/e35/14073017_650088915160400_687402337_n.jpg,1472362686,8,99,ฺฉู ุณุฑุฏ ุจูุฏ ูู ฺุณุจุฏ . . . โ. . #ุดูุฑูุฑ#ุฏุดุจ#ุญุงุท_ุช#summertime
12,BJvIs5bDSM_,https://www.instagram.com/p/BJcKyXbjS9K/?taken-by=seyed.ali.azimi,https://scontent-frt3-2.cdninstagram.com/vp/6d5a84f02a65937a9b54ff9248eccfdd/5C97A880/t51.2885-15/e35/13702994_138219226624667_758532200_n.jpg,1471931507,0,120,. . . . . ุงุฒ ููู ฺฉุณ ุฑูุฏู ุงู ุจุงุชู ุฏุฑุขุฑูุฏู ุงู ุฌูุน ูู ุดูุฏ ุฏฺฏุฑ ูุฑฺู ุชู ู ูพุฑุงฺฉู  #ุณุนุฏ #ฺฉุงุด
11,BJvIs5bDSM_,https://www.instagram.com/p/BJNM1GejH__/?taken-by=seyed.ali.azimi,https://scontent-frt3-2.cdninstagram.com/vp/b0f5b5d8e46b17502744b2f92575f43b/5BFE2BD4/t51.2885-15/e15/14033570_171557753254551_2139551195_n.jpg,1471429262,3,98,ุฎูุด ุจุญุงูุดูู . . . . . .  #ุจฺฺฏุง
10,BJvIs5bDSM_,https://www.instagram.com/p/BJH8E9njBuG/?taken-by=seyed.ali.azimi,https://scontent-frt3-2.cdninstagram.com/vp/2a3f654d7b5961368fae636f6579fd62/5C955498/t51.2885-15/e35/13643612_276979552682035_2098476363_n.jpg,1471252706,4,145,#ุชุงุจุณุชูู#ุญูุถ#ูพุฏุฑ#ุญุงุท/ุช#summertime
9,BJvIs5bDSM_,https://www.instagram.com/p/BHWcgtIDkmB/?taken-by=seyed.ali.azimi,https://scontent-frt3-2.cdninstagram.com/vp/2f7e89a8a170dc7b3925a09105667096/5BFE08E9/t51.2885-15/e15/13561665_1615563095422348_1913293888_n.jpg,1467444506,2,120,. ูุฑ ุฒูุงู ูู ุงุฒ ุฌูุฑ ู ุฑูุฒฺฏุงุฑ ู ุฑุณูุงูู ู ููุงู ู ูุฑุฏูุงู ุฏุฑ ฺฏูุดู ู ุชููุงูู ุจุฑ ุจูููุงูู ู ุฎูุฏ ุงุดู ูู ุฑูุฒูุ ู ฺฏูุด ู ูุงุดููุงู ุขุณูุงู ุฑุง ุจุง ูุฑูุงุฏูุงู ุจู ุญุงุตู ู ุฎููุด ูู ุขุฒุงุฑูุ  ู ุจุฑ ุฎูุฏ ูู ูฺฏุฑู ู ุจุฑ ุจุฎุช ู ุจุฏ ู ุฎููุด ููุฑูู ูู ูุฑุณุชูุ ู ุขุฑุฒู ูู ููู ูู ุงู ูุงุด ฺูู ุขู ุฏูฺฏุฑู ุจูุฏูุ ูู ุฏูุด ุงุฒ ูู ุงููุฏูุงุฑุชุฑ ู ูุงูุชุด ููุฒูู ุชุฑ ู ุฏูุณุชุงูุด ุจูุดุชุฑ ุงุณุช.  ู ุงู ูุงุด ููุฑ ู ุงูู ูู ู ุดููู ู ุดููุช ู ุขู ุฏูฺฏุฑู  ุงุฒ ุขู ู ูู ุจูุฏุ  ู ุฏุฑ ุงูู ุงูุตุงู ฺูุงู ุฎูุฏ ุฑุง ูุญุฑูู ูู ุจููู ูู ุญุชู ุงุฒ ุขูฺู ุจูุดุชุฑูู ูุตูุจ ุฑุง ุจุฑุฏู ุงู ููุชุฑูู ุฎุฑุณูุฏู ุงุญุณุงุณ ููู ููู.  ุงูุง ุฏุฑ ูููู ุญุงู ูู ุฎูุฏ ุฑุง ฺููู ุฎูุงุฑ ู ุญููุฑ ูู ุจููู  ุงุฒ ุจุฎุช ู ูููุ ุญุงูู ุจู ูุงุฏ ู ุชู ูู ุงูุชูุ  ู ุขูฺฏุงู ุฑูุญ ู ูู ููฺูู ฺูุงูู ู ุณุญุฑ ุฎูุฒ ุจุงูุฏุงุฏุงู  ุงุฒ ุฎุงู ู ุชูุฑู ุงูุฌ ฺฏุฑูุชู ู ุจุฑ ุฏุฑูุงุฒู ู ุจูุดุช ุณุฑูุฏ ูู ุฎูุงูุฏ  ู ุจุง ูุงุฏ ู ุนุดู ู ุชู ฺูุงู ุฏููุชู ุจู ูู ุฏุณุช ูู ุฏูุฏ ูู ุดุฃู ู ุณูุทุงูู ุจู ฺุดูู ุฎูุงุฑ ูู ุขูุฏ ู ุงุฒ ุณูุฏุงู ููุงู ู ุฎูุฏ ุจุง ูพุงุฏุดุงูุงูุ ุนุงุฑ ุฏุงุฑู.  #ููููุงู_ุดูุณูพูุฑ
8,BJvIs5bDSM_,https://www.instagram.com/p/BGtrItVh1K0/?taken-by=seyed.ali.azimi,https://scontent-frt3-2.cdninstagram.com/vp/05d3def74e5d141d3a6f895ba3396cbf/5CAC90D5/t51.2885-15/e35/13402751_1734321180176746_637974310_n.jpg,1466076442,3,189,. . . ูุฑ ฺฉุณ ูุญุฑุงุจ ฺฉุฑุฏุณุช ุขูุชุงุจ ู ุณูฺฏ ู ฺูุจ ูู ฺฉููู ูุญุฑุงุจ ฺฉุฑุฏู ุขู ูฺฏุงุฑู ุฑู ุฑุง . . . โ #ุฎุฑุฏุงุฏนด #ุนุงู_ูุงูพู #ููุด_ุฌูุงู #ุงุจูุณุนุฏ_ุงุจูุงูุฎุฑ #ูุนูุงุฑ_ุงุฑุงู_ุงุณูุงู
7,BJvIs5bDSM_,https://www.instagram.com/p/BGCYxACB1Lw/?taken-by=seyed.ali.azimi,https://scontent-frt3-2.cdninstagram.com/vp/33a047ca1b12ed382d602e4672464af2/5C789971/t51.2885-15/e35/13249773_1773699509542616_1226380212_n.jpg,1464623970,0,70,. ฺุฑฺฉู ุชุฑ ุงุฒ ุขู ุงุณุช ุฌูุงูุช ฺฉู ุชูุงู ูพุงฺฉุฒู ุชุฑ ุงุฒ ุงูฺฉู ุชูุงู ุจูุฏุ ุจูุงู  #ุงุฎูุงู_ุซุงูุซ
6,BJvIs5bDSM_,https://www.instagram.com/p/BFstc1LB1Af/?taken-by=seyed.ali.azimi,https://scontent-frt3-2.cdninstagram.com/vp/1869f49eac79c7fe8c3ac89d533a83b4/5C7B8D4A/t51.2885-15/e35/13249687_601872803304698_1388084648_n.jpg,1463896617,2,103,. | | | ________________  ุงุฒ ูุงุจู ูุง ฺฉุฏุงู ุจูุงุฑู ุฌูุงูู ุฒุฏู ุจุฑ ุดุงุฎู ูุง ูุงุฒฺฉู ุงูุงุฑุ ุงุฒ ฺฉุฏุงู ุดุงูุฑุงูู ุฏุฑ ููุฑ ุดูุงูุฑุ ุงุฒ ฺฉุฏุงู ูพูุฌุฑู ุขุณูุงูุ ฺุดู ูุงุช ฺฉุฏุงู ฺุดูู ุฑูุดู ุงุณุช ฺฉู ูุฑฺู ุณุชุงุฑู ุฏุฑ ฺฏูุฏุด ุณูุณู ู ุฒูุฏุ ุขู ุงุฒ ุงู ุฑูุฒูุง ุจ ุชูุ ุงุฒ ุงู ุฑฺฉูุฏู ุณุฑุฏู ูุฑุงฺฏุฑุ ุงุฒ ุงู ูุญุธุงุช ุณูฺฏูุงุฑุ ุงุฒ ุงู ุนูุฑุจู ูุง ุนุฒุงุฏุงุฑุ ุงุฒ ุงู ุจูุงุฑ ุฎุฒุงู ุฒุฏูุ ุงุฒ ุงู ฺฉููุงุช ุจููุฏู! ูุฑฺู ุฌุงุฏูุ ุฏุฑ ุบุจุงุฑ ุณุงู ูุง ุจ ุฎุจุฑ ุฏุฑ ุฎูุด ู ูพฺูุฏ. ฺฏูุชู ุงูุฏ ู ุขุ  ุจุง ูฺฏุงู ุงุฒ ููุฑ ุณุฑุดุงุฑ  ุฐูุงูููุงุฑ ุฏุฑ ุฏุณุช  ุฏุณุช ุฏุฑ ุขุจ  ู  ุฏุณุช ุฏุฑ ุขูู ________________ | | | #ุงูุงู_ููุฏ#ุงูุงู_ุฒูุงู
5,BJvIs5bDSM_,https://www.instagram.com/p/BFUA_Teh1FE/?taken-by=seyed.ali.azimi,https://scontent-frt3-2.cdninstagram.com/vp/e3011cddfddd8df2d073d34c773c98e7/5C9749E1/t51.2885-15/e35/13118138_596869640492123_2063516704_n.jpg,1463068000,5,100,. . . . _____________________________________/  ูู ูุณุช ู ุชู ุฏูุงูู, ูุง ุฑุง ฺฉู ุจุฑุฏ ุฎุงูู ูู ฺูุฏ ุชู ุฑุง ฺฏูุชู,ฺฉู ุฎูุฑ ุฏู ุณู ูพูุงูู  ุฌุงูุง ุจู ุฎุฑุงุจุงุช ุข,ุชุง ูุฐุช ุฌุงู ุจู ุฌุงู ุฑุง ฺู ุฎูุด ุจุงุดุฏ, ุจ ุตุญุจุช ุฌุงูุงูู  _____________________________________\ . . .
4,BJvIs5bDSM_,https://www.instagram.com/p/BFOu73gh1M3/?taken-by=seyed.ali.azimi,https://scontent-frt3-2.cdninstagram.com/vp/84c1dccf50ff00ca753324ebb36d6f94/5CA9002B/t51.2885-15/e35/13113710_1730907820490494_2031435475_n.jpg,1462890763,4,47,. #ุฑุงู_ุขูู #ุฑู  #ุงุฒูุง
3,BJvIs5bDSM_,https://www.instagram.com/p/BE3q75ih1MR/?taken-by=seyed.ali.azimi,https://scontent-frt3-2.cdninstagram.com/vp/2f86681b385612e851a2f03ab02c6bbb/5CB1BFB5/t51.2885-15/e35/13129900_996093983779394_1032914237_n.jpg,1462116914,1,158,ุฎูฺฉุง ฺฉ ุนุตุฑ ุจูุงุฑ โฆ ฺฉูุงุฑ ุดุงู ุจูุชู ุงุณ ูุญุด โฆ ูุฒ ฺฉู ฺฉุงุณู ุง ูพูุฑ ุงุฒ ูพููฺฉ ุฒุนูุฑุงู ุฏุงุฑุฏ ู ุฏู ููุฌุงู ฺุง ุฏุงุบ ุฑุง  ุฎุงู ุฎูุงูู ฺฉุฑุฏ โฆ  ูุทูุง ุจู ุฎุงูู ุจุง !  #ุญุงุท_ุช#ููู_ูพูุฑ#ุนุตุฑ#ุจูุงุฑ
2,BJvIs5bDSM_,https://www.instagram.com/p/BE1njCTh1BH/?taken-by=seyed.ali.azimi,https://scontent-frt3-2.cdninstagram.com/vp/aee82e5d2a162f220c3939cc0887a2ae/5C8C2AE7/t51.2885-15/e35/13109064_1002338789855335_1569755196_n.jpg,1462048028,0,100,#ุงุฒูุง#ุขุดูุฑุขุจุงุฏ#ุฏุดุช
1,BJvIs5bDSM_,https://www.instagram.com/p/BEf3mBgB1Lc/?taken-by=seyed.ali.azimi,https://scontent-frt3-2.cdninstagram.com/vp/c5a27e89911eda152c68de758aecb010/5CA960F5/t51.2885-15/e35/12724913_1081117241927340_1077223084_n.jpg,1461318244,0,87,. . . . ุงู ุฌุฒุฑ ู ูุฏ ฺุณุช ูู ุชุง ูุงู ูโุฑูุฏุ ุฏุฑุง ุฏุฑุฏ ูุณุช ูู ุฏุฑ ฺุงู ูโุฑูุฏุ  ุงู ุณุงู ูู ฺุฑุฎ ู ฺฏุฐุฑุฏ ุจุฑ ูุฏุงุฑ ุดูู ุจู ุฎุณูู ู ุชุฑฺฏ ูุงู ูโุฑูุฏ  ฺฏู ูู ฺุฑุฎ ุจู ุฎุทุฑ ุฑุง ุดูุฏู ุงุณุช ู ูุญุธู ููุซ ูุฑุฏูุ ุจู ุงูุฑุงู ูโุฑูุฏ  ุขุจุณุชู ุนุฒุง ุนุธู ุงุณุชุ ูุงู ฺูู ุขุณูู ุณุฑ ูุณู ุณุญุฑฺฏุงู ูโุฑูุฏ  ุงูุดุจ ูุฑู ูุชุงุฏู ูฺฏุฑ ูุงู ุงุฒ ุขุณูุงู ุง ุขูุชุงุจ ุฑู ุฒูู ุฑุงู ูโุฑูุฏุ  ุฏุฑ ููฺูโูุง ูููู ุตุฏุง ุนุจูุฑ ูุณุชุ ฺฏูุง ุฏู ุจู ููุตุฏ ุฏูุฎูุงู ูโุฑูุฏ  ุฏุงุฑุฏ ุณุฑ ุดูุงูุชู ูุฑู ุขูุชุงุจ ุขู ุณุงู ุง ูู ุฏุฑ ุฏู ุดุจ ุฑุงู ูโุฑูุฏ  #ูููุง #ููุตุฑ_ุงููู_ูพูุฑ
